<?xml version="1.0" encoding="utf-8"?>
<importJob xmlns:xsi="http://www.w3.org/2001/XMLSchema-instance"
           xsi:schemaLocation="http://www4.wiwiss.fu-berlin.de/ldif/ ../../xsd/ImportJob.xsd"
           xmlns="http://www4.wiwiss.fu-berlin.de/ldif/">
    <internalId>cnep.0</internalId>
    <dataSource>cnep</dataSource>
    <refreshSchedule>onStartup</refreshSchedule>
    <tripleImportJob>
        <dumpLocation>C:\Github\ldif-0.5.2\examples\ws\DataSources\cnep_output.nt</dumpLocation>
    </tripleImportJob>
</importJob>