<?xml version="1.0" encoding="utf-8"  ?>
<Sieve xmlns="http://www4.wiwiss.fu-berlin.de/ldif/">
    <Prefixes>
        <Prefix id="ldif" namespace="http://www4.wiwiss.fu-berlin.de/ldif/"/>
        <Prefix id="sieve" namespace="http://sieve.wbsg.de/vocab/"/>
        <Prefix id="rdfs" namespace="http://www.w3.org/2000/01/rdf-schema#" />
        <Prefix id="owl" namespace="http://www.w3.org/2002/07/owl#"/>
        <Prefix id="ardo" namespace="http://www.arida.com/ontology/"/>
    </Prefixes>

<!--   
    <QualityAssessment name="Recent is Best" description="">

        <AssessmentMetric id="sieve:recency">
            <ScoringFunction class="TimeCloseness">
                <Param name="timeSpan" value="500"/>
                <Input path="?GRAPH/ldif:lastUpdate"/>
            </ScoringFunction>
        </AssessmentMetric>

    </QualityAssessment>

    <Fusion>
        <Class name="ardo:PessoaJuridica">
            <Property name="ardo:cnpj">
                <FusionFunction class="KeepFirst" metric="sieve:recency"/>
            </Property>
        </Class>
    </Fusion>
-->
</Sieve>